anthony noto,nysetwtr,0.12481425351011423
sq stock,nysetwtr,0.093678111788079249
