pokemon booster box opening legendary treasures,0.1980553335392137
mail man monday 130,0.14630968074249603
mmm meaning,0.074534493414649253
unlistedleaf booster box,0.19145996819963401
share playlist itunes,0.18698862079870568
pokemon flashfire booster box opening,0.17003954099071655
pokemon unlistedleaf mail man monday,0.09943349848162672
mmm mcjuggernuggets,0.13664447284469697
mail man monday ep 1,0.17217748352744716
unlistedleaf booster box ancient origins,0.2139120458881428
wistia,0.2054172202289134
private youtube video downloader,0.19231222868051892
pokemon booster box opening legendary treasures,0.1980553335392137
mail man monday 130,0.14630968074249603
mmm meaning,0.074534493414649253
unlistedleaf booster box,0.19145996819963401
watch private youtube videos with link,0.13732053143822587
share playlist itunes,0.18698862079870568
pokemon steam siege booster box opening,0.06057492547721554
pokemon flashfire booster box opening,0.17003954099071655
pokemon unlistedleaf mail man monday,0.09943349848162672
mmm mcjuggernuggets,0.13664447284469697
cachedview,0.084198181345280523
mail man monday ep 1,0.17217748352744716
unlistedleaf booster box ancient origins,0.2139120458881428
wistia,0.2054172202289134
unlistedleaf mail man monday,0.099417121989928942
