Does the government moniter my gmail?,0.56219512363070034
hide-data gmail government,0.71991817529337632
How does the goverment access email data,0.55428144427549475
Keeping government from Gmail account,0.64910915999641516
Concealing gmail data,0.42184386615477798
protect gmail data from surveillance,0.53919697787939136
Hide gmail data,0.61401941159096018
Gmail privacy,0.50085983948978208
gmail data nsa,0.54327376671703331
I want to hide my gmail from the feds,0.59333961371505806
Secure my Gmail from the government,0.66495898158232158
How to hide gmail from the government,0.72466295958693372
What are the privacy options for Gmail,0.4986408970473985
Privacy of Gmail accounts,0.62383937599905137
How to be in incognito mode from the government?,0.32226206809292213
How to hide my data from everyone?,0.55017442148800944
How to hide data in Gmail,0.64852514350799939
secure gmail data,0.65037490523401342
Conceal Gmail,0.36002224756795331
Hide Gmail,0.56737571067463743
gmail data government,0.69210303581963717
tips for hiding my gmail account,0.64506729278471042
Make my Gmail more secure,0.56429654880145341
How to stop the government from spying on my computer.,0.36647722139387107
hide gmail government,0.66827320918051902
What email data can the government access,0.56016476533054604
Gmail privacy versus government,0.67184729883051364
How to keep my Gmail data unexposed?,0.55857180097592796
How to do private make private data.,0.38503455187357333
How can i make my Gmail data private,0.7438470732820871
privacy concerns gmail,0.53683283167099227
Secret GMails Data,0.47478762309829764
Google privacy,0.51215190506980446
gmail data hide government,0.77736052292483149
how to hide my gmail,0.63080685943996861
Make my Gmail private,0.67965633730014396
