how can i make snapchat secure,0.50312333638744744
turn on privacy setting,0.47239820200508836
