learning about encryption,0.29469354560956845
Keeping phone calls private,0.31323793916365589
