anti Skype monitoring,0.65850412657967927
blocking skype monitoring,0.68828021581532228
How to make sure skype is protected,0.51235603214087311
how to protect against skype monitoring,0.86573860756862364
PREVENTING SKYPE MONITORING,0.73779857825062378
Skype monitoring,0.76261057357880235
skype monitoring?,0.83355242217689607
Skype precautions,0.44681730146767545
stopping Skype monitoring,0.79913333155421895
stop skype spying,0.51409514026519809
can people hack my skype,0.41066353756266649
protection from skype monitoring,0.76518634240942096
HOW TO AVOID SKYPE MONITORING,0.84560623925660838
protect Skype monitoring,0.81781661225703173
How to protect yourself against skype monitoring,0.72168635730331065
dangers of Skype,0.49048297753870901
no Skype monitoring,0.82108583036378358
check if skype is monitoring,0.7253385147700192
can someone monitor my activity on skype?,0.68398593164300847
skype protection how to,0.60990019872645762
HOW TO STOP SKYPE MONITORING,0.84347636758674249
hacking Skype,0.44625533542248669
does skype monitor customers?,0.67541302234941991
Am I safe on Skype>,0.52972902828094104
