change twitter password,0.36473996631896094
who looking at my twitter feed,0.4266786390224156
