delete a youtube account,0.95508945172684601
Delete youtube,0.81078314399977214
delete youtube account,0.95342340688661753
deleting youtube account,0.95157666763918858
Deleting youtube account,0.96781766545892589
Deleting youtube?,0.85767451058314281
How do I delete a YouTube account?,0.95815005761690741
how do you delete a youtube account,0.96430467611356063
how to delete youtube account,0.9619688216576463
How do i delete my youtube account,0.9071195161885468
How to delete YouTube account,0.95185840984869419
how to delete you tube account,0.95271073159287123
youtube delete my account,0.91089387318189696
Is it possible to delete a YouTube account?,0.83462708441007216
cancel youtube account,0.63684113769357631
i want to delete my youtube account,0.87418922284475964
Account delete youtube,0.94309027080973251
delete my youtube account,0.94622524396088459
how to delete a youtube account,0.97292493875753117
Close youtube account,0.68213923152801104
deleting an account on youtube,0.94183512701729122
What are the steps of deleting a YouTube account?,0.80019931960943624
disable youtube account,0.6712899784843368
how to delete youtube user,0.94481060802835515
