can gmail be encrypted?,0.66735536282105323
Encrypted emails help,0.76188373567975032
How can I encrypt my email,0.86478149194998855
how to encrypt email,0.89728847637527298
How to encrypt emails,0.96408113550157581
how to send encrypted emails,0.87346997495390544
Learn about encrypting emails,0.76827310352905276
What is encryption,0.5391411160131484
encrypting emails,0.93493460866068068
Encrypting emails on gmail,0.70698239692944975
Email encryption,0.87400739318724796
encrypt my own emails,0.82618672383719016
How do I encrypt an email?,0.94687616685128351
Encrypting 101,0.39674306323734837
I want to learn about email encryption,0.77374201996286807
what is email encrypting,0.87143611826847056
Encrypting emails,0.93752031716760031
Email security tools,0.45784003225654757
how to encrypt emails,0.95298276195345655
Easy way to encrypt emails,0.75034582896227131
