How to change Facebook privacy settings?,1.0
facebook privacy help,0.64807557369149327
facebook privacy,0.83775537007373901
privacy settings facebook,0.89586875247378039
How do you block people on Facebook?,0.36986950961444337
change fb name,0.46795936361774065
Facebook Settings,0.86829956635488581
Changing facebook privacy,0.85299479204259976
What settings should I change on Youtube?,0.30928351452431818
change Facebook privacy settings,0.90776604438114838
facebook privacy how to's,0.89686514576327314
facebook settings,0.89417296024414095
How can I change Facebook for no followers?,0.43504456393169166
change fb privacy,0.85520711470879074
Change Privacy Facebook,0.88678746978693224
fb privacy settings,0.8762742027636472
Facebook privacy options,0.77021981022491948
How do I change Facebook privacy settings?,0.9212521301727169
privacy on facebook,0.84898804980280096
facebook private,0.44572433893617192
fb account,0.32707236930205574
Facebook Privacy,0.84706609424108525
Where are privacy settings for facebook?,0.91069993098107727
Are there privacy risks to Youtube?,0.3133774844142595
