Can I delete my google account?,0.90261328726434331
delete google account,0.95574340855218087
How do I delete my google account,0.96325792298923452
How to close a google account,0.86147298625026847
How to delete a Google account.,0.97699361124500816
how to delete google account,0.98112345081995911
how to delete my account,0.61773502119703361
How to delete my gmail,0.66294911067507845
how to delete my google account,0.96661555209825012
erase my google account,0.95675950495581197
I want to delete my google account,0.91797299271083643
remove Google account,0.85881459021826312
delete a Google account.,0.96844194305763243
remove google account,0.83097688260301017
how to permanently delete google account,0.89622969052945856
what do i do to terminate my google account,0.90905847196188505
Delete my google account,0.95790088616969371
google faqs,0.29460802418142151
Erasing google account,0.88932872363639959
how do i delete a google account,0.94841636469669111
What do I do to delete my google account,0.94216622574464515
how to close my gmail,0.76289543312327746
permanently delete Google account,0.86463581994338656
delete your Google account.,0.94661826243790859
how to get rid of google account,0.81484471478766429
deleting google account,0.9619019015985335
find youtube,0.14630517916406627
How can I delete a youtube account,0.41900256667739649
how to remove my information from google,0.40601654068780468
