encrypt text messages,0.92499921489029668
encrypting text messages,0.9386625692994609
Encrypting Text Messages,0.9705093696834749
how do I encrypt text messages,0.96176822407412044
how to encrypt messages iOS,0.69008612963258886
How to encrypt text messages,0.97053583583639791
how to encrypt text messages,0.97396007617516445
site:news.ycombinator.com encrypted texts sms,0.58536503895100311
text message encrypting,0.94717323376341733
easy ways to encrypt text messages,0.75062556464933228
Encrypt Text,0.62381679607893026
encrypt your texts,0.86121254065277064
encrypt text messages,0.94643543172664579
reddit encrypted text messages,0.64451533248118031
guide to encrypt text messages,0.69079974483209627
encrypt text message,0.94021793358767858
site:news.ycombinator.com secure messaging,0.51020276366488571
encrypted text message app,0.85394272757654088
How do I encrypt text messages?,0.96337397705219441
how to protect text messages,0.59144677507491539
increase security text messages,0.56626460461022343
encrypted text messages tutorial,0.64427175551228066
text message encryption how to,0.95270981413364253
text message encryption,0.95357825576092325
snowden sms encrypt recommend,0.55161327317843112
message encrypting instructions,0.45803371170117774
