Deactivate and uninstall Twitter help,0.67622207252786515
delete twitter,0.7805883823216393
delete Twitter,0.89459827474298115
how do I delete my twitter account,0.84665943417248668
How do I delete my twitter account?,0.91018218417599139
how do I uninstall twitter,0.3354653803891321
How do I uninstall Twitter,0.50380156173013968
how to delete Twitter,0.88120203204029934
How to uninstall twitter,0.54599809572252112
uninstalling twitter windows,0.45195514398945863
How do I uninstall my Twitter from my phone and other devices?,0.61202357408371011
how to delete twitter,0.83545938449658419
how to delete twitter account,0.82946439467574073
delete my twitter,0.84800797901335123
How to cancel Twitter?,0.71286933987231982
steps to delete twitter,0.74701056252717835
How do I get rid of Twitter,0.55092848222455304
How to uninstall Twitter,0.58118322370610676
Instruction on twitter de-installation,0.32394253655425709
uninstalling twitter android,0.53892938261669365
Uninstalling Twitter from various technological devices,0.54713501840557688
delete twitter account,0.71133301806014704
how to uninstall twitter,0.64952932400478802
deleting twitter account,0.78138243072471925
How to quit Twitter,0.34725956403741209
how to delete my twitter account,0.81717378299237298
How do I delete my Twitter account,0.83849599719443835
Remove twitter,0.60909229268894094
De-install twitter,0.61016714173761877
how to delete or uninstall twitter,0.75065038264638695
