How to delete/uninstall Facebook.,0.4707293996825595
How to uninstall Facebook app,0.57748685831940694
Cancel facebook,0.41053919945326178
