How do I uninstall YouTube,0.4381540316571001
how to unistall YouTube,0.51331011515206559
uninstall youtube,0.48110090750565587
uninstall computer programs,0.26496325379534935
Is there a way to disable YouTube,0.49457098139714462
