Browsing anonymously,0.93632463753998818
How do I go incognito online?,0.43069069787088338
incognito,0.42144102804530076
how can I remain hidden online?,0.45512286226912158
anonymous mode browser,0.63048590340956701
anonymous browsing,0.73151125991219534
browse anonymously,0.79328695913319902
How to browse anonymously,0.85831632093056087
how to browse privately,0.68154054762098193
how to browse anonymously,0.87521301551824771
Browsing secretly,0.64891619786541233
Using chrome how can I be sure that I browsing privately?,0.6418460325582751
private mode browser,0.68572562337836362
browse anonymous,0.80496892311514545
browse in secret,0.41867926001937961
Anonymous browsing,0.79946425139956967
private internet browsing,0.72445308438855349
browse anonmously,0.82533618590582714
anoynomous browsing,0.81249663398685201
Browung without anyone knowing,0.56728620280737818
WHat is the easiest way to browse privately and anonymously?,0.83503370688674095
secret browse,0.57669518522640373
incognito browser,0.6413392242825483
browse online anonymous,0.74720408370457425
search internet anonymously,0.7313666325837328
Anonymous browsing guide,0.60045883783144671
annomous internet,0.59993677385883293
anon browsing,0.78934520860328272
