uber privacy settings,0.36836332975600788
Does Uber protect my information,0.56956578514403366
uber privacy,0.74377507667974629
What does Uber save?,0.45450570765937992
how is the data the uber app collects used?,0.53915749439998728
does uber share my info?,0.67524227144812377
is Uber selling my personal data?,0.60690526840795689
how does uber use my info,0.74062611403659195
Uber private information,0.6618973339939459
uber privacy policy,0.61460569312559421
Does Uber share my location,0.67014598293059469
uber settings,0.64195496029442867
How do you pay for Uber?,0.44017889271167981
how does the uber app use my personal and private information?,0.74688016566199267
uber personal info?,0.69900156675971581
Uber using personal data wrong,0.68857484918963652
does uber store private data,0.66548298058257105
My Privacy and Uber,0.77119154345770913
uber privacy violations,0.54307099343589049
Does Uber have secure servers,0.41897241824545539
Does Uber accept cash?,0.40183611952883175
does uber give away personal and private information it collects?,0.69073213877722861
customer info uber app,0.70821905362124726
Uber personal data ethics good bad,0.51316398504758309
can i get hacked with uber,0.45011440948834935
How does Uber handle personal information,0.6720525062742202
