How to unfriend or unfollow someone on Snapchat,0.41048905230494259
unfriend snapchat,0.73917470086540726
snapchat unfollow,0.74095170526376108
Unfollow user,0.48761522277168773
How to remove friend from SnapChat,0.61564477115114802
how to unfriend on SnapChat,0.84791901054699659
Snapchat unfollowing,0.80622820383700711
unfriending on snapchat,0.83775779063852307
How to unfriend on SnapChat?,0.89011866684491736
How to unfriend someone on SnapChat,0.87262486209959722
How to unfriend snapchat,0.91477428305774811
How do I unfriend or unfollow someone on Snapchat,0.86803032784473511
delete someone snapchat,0.77049342102378948
snapchat how to unfollow,0.84796822299686436
Unfriend user,0.52019977506133541
Remove friend from SnapChat,0.76020867610576315
unfollow people on SnapChat,0.84754299981861914
Unfriending and unfollowing on Snapchat,0.85309703325755748
how to unfollow someone on snapchat,0.85673342310466027
Unfriending on SnapChat,0.88561129109369086
SnapChat unfriend options,0.73842115740684522
Snapchat remove friend,0.73055366745607508
How do I go about unfriending or unfollowing someone on snapchat?,0.84538363665546579
remove snapchat friends,0.74537247839789678
snapchat unfriend,0.90725357022848274
Block user,0.4264455689713969
Unfollow someone from SnapChat,0.85656321369220878
how do I unfriend someone on SnapChat?,0.89617590525590851
Unfollow unfriending Snapchat guide,0.73706125376218778
snapchat unfriend unfollow,0.83879391007822024
Removing friends on Snapchat,0.75343416886417636
How to unfollow someone on SnapChat,0.86013067817246269
Snap chat unfriend user,0.84927252177060708
