best tool to encrypt Skype,0.80454947986702829
How do I use skype,0.54984365284163239
How to encrypt Skype,0.77463392696967048
how to encrypt skype,0.87064437418954066
How to encrypt skype?,0.91738601902837802
skype encryption,0.86311612488867062
Skype encryption,0.90109095145221707
tool encrypt skype,0.79870512570735341
What tool can I use to encrypt Skype?,0.84156915861959369
what can I use to encrypt Skype,0.88790428716926761
Where do I download skype encrypt,0.7442913912482656
Programs used to encrypt Skype,0.79305429087994872
tools to encrypt skype,0.84766876027177018
How to protect skype?,0.56202670675129829
skype security measures,0.52982409510222606
Skype encryption tools,0.88267506982584754
encryption tools skype,0.87737344427921438
encrypt Skype,0.89979444530523589
Can Skype be encypted,0.87348224412990616
I need a skype encrypt tool,0.83928501731261385
Ways to encrypt Skype,0.85236256911032193
encrypt skype,0.91348887198362205
how to protect skype conversations,0.68975395049770927
Skype encryption software,0.78929832950118672
security skype encryption,0.84016577503334633
