Apps to encrypt text messages,0.71514004197905989
ENCRYPT TEXT MESSAGES,0.88169603923893836
encrypting messages,0.66908217667796421
Encrypting my text messages,0.88017819927881491
how to encrypt text messages,0.91857504605600149
Text message encryption,0.92237011910615652
text message encryption app,0.89322468689059098
text messaging encryption,0.92878121842732675
Tools for encrypting text messages,0.81912502298953571
Can I encrypt my text messages,0.90101626182063277
HOW TO ENCRYPT TEXT MESSAGES,0.94768807778513353
encrypting text messages tool,0.86093766460176002
How to encrypt text messages,0.92534133499862559
encryption app,0.6833811657473482
tools to encrypt text messages,0.84124149181997232
Text message encription,0.91784466715614133
Tools for text message encryption,0.88190978663990927
APP FOR ENCRYPTING TEXT MESSAGES,0.88561200146188879
how to: encrypting messages,0.73472631525899335
using tool to encrypt text messages,0.85500364641539828
Text encryption tool,0.65549306732646229
