anthony noto,nysetwtr,0.12937451337343639
lnkd,nysetwtr,0.1065638559572382
gpro,nysetwtr,0.094797324386304976
