ixquick,1
private search,1.0
bisquick recipes,0.5
ixquick.com,1.0
bisquick recipe,0.5
private search engine,1.0
ixquick uk,1.1666666666666667
ixquick startpage,1.1428571428571428
https //www.ixquick.com,0.625
ixq,0.4444444444444444
betty crocker bisquick recipes,0.4
ixquick.eu,0.6363636363636364
ixquick deutsch,1.0833333333333333
www.bisquickrecipes.org,0.3076923076923077
startpage ixquick,1.0714285714285714
uncensored search engine,0.3333333333333333
ixquick eu de,0.3125
ix,0.29411764705882354
private web search,0.3888888888888889
private search engines,0.5263157894736842
bisquick recipes ground beef,0.25
https //www.ixquick.com/,0.38095238095238093
ix search,0.5909090909090909
ix quick start,0.5652173913043478
ixquick start page,0.4583333333333333
http //ixquick.com,0.28
www.ixquick.eu,0.47368421052631576
ixquick search,0.8888888888888888
ixsearch,0.2857142857142857
ix quick,0.5172413793103449
ixquick eu,0.9333333333333333
private search browser,0.3225806451612903
ixquick safe search engine,0.4375
ixquick.com search engine,0.48484848484848486
www.ixquick.com,0.6470588235294118
ixquick com,0.8571428571428571
privacy search,0.2777777777777778
ixquick classic,0.8378378378378378
iquix search,0.2631578947368421
https //ixquick.com/,0.5641025641025641
https //www.ixquick.com/do/search,0.275
ixquick search engine classic,0.7560975609756098
http //www.ixquick.com,0.38095238095238093
homemade bisquick recipe,0.2608695652173913
ixquick browser,0.8409090909090909
privatelee.com,0.25
private search engine history,0.5
