how to remove gmail account from android phone without factory reset,0.44827586206896552,0.0010785042322930954,-0.45689655172413796
gmail account preferences,0.54467084639498431,2.9932414041808967e-05,-0.5313479623824452
how to delete gmail account permanently immediately,0.20297805642633227,0.42335384152214278,0.1669278996865204
my gmail account,0.97727272727272729,5.8640970002802483e-16,-0.9984326018808778
how to delete gmail account in android phone,0.62147335423197503,1.0459729225945022e-06,-0.7507836990595611
delete my gmail account,0.89733542319749215,1.6044745650728612e-13,-0.9623824451410659
remove google account from chrome,0.90909090909090906,7.2438030114221158e-14,-0.9710031347962382
how to delete gmail account from iphone,0.5532915360501568,2.0999202982322838e-05,-0.70141065830721
create new google account,1.0,1.0897912713190582e-16,-1.0
google account change password,0.93181818181818188,1.5118642536799412e-14,-0.9804075235109718
how to delete gmail account permanently without password,0.38087774294670845,0.0087436309464873092,0.26802507836990597
how to delete google account on android,0.92006269592476497,3.4164049836569218e-14,-0.9843260188087775
how to remove google account from computer,0.82915360501567403,1.3176963166255453e-11,-0.8714733542319749
how to delete a gmail account 2016,0.40909090909090906,0.0037950251772076418,-0.4090909090909091
delete my gmail account now,0.46473354231974923,0.00061438898927655358,-0.5376175548589341
how to delete gmail account from phone,0.97727272727272729,5.8640970002802483e-16,-0.9952978056426333
delete google account,1.0,1.0897912713190582e-16,-1.0
how to remove google account from android phone from computer,0.48432601880877746,0.00030621713377878082,-0.46394984326018807
how to delete gmail email,0.93181818181818188,1.5118642536799412e-14,-0.9921630094043887
how to remove google account from android phone,0.79467084639498431,1.0727124840679192e-10,-0.9318181818181818
google accounts,0.89733542319749215,1.6044745650728612e-13,-0.9592476489028213
how to delete gmail,1.0,1.0897912713190582e-16,-1.0
how to deactivate gmail account temporarily,0.15517241379310343,0.75807577526188019,-0.0023510971786833857
